{"Odata2020File.csv": 134.0452880859375, "Odata2019File.csv": 119.72687768936157}